"Age","2008","2009","2010","2011","2012","2013","2014","2015","2016","2017","2018","2019","2020","2021","2022","2023"
16,0.000169880944092426,0.000134193300505459,0.000106076509077901,0.000120209163945284,8.69195979469328e-05,0.000107218216231941,0.000114460129721494,9.45040016537835e-05,0.000107582277713791,0.000119256705479298,0.000106571606852679,9.84824745959845e-05,7.64268018700331e-05,9.10078551155102e-05,0.00012760789878874,0.000124833442336492
17,0.000235031594189583,0.000227969825084995,0.000180292493123679,0.000158476421464604,0.0001624533302933,0.000140585061062182,0.000139150782652142,0.000145501105808354,0.000141732053361432,0.000162284972411553,0.000168648542569927,0.000126533648803551,0.000122597531506119,0.000164035911026872,0.000140838785607111,0.000151278440346791
18,0.000272605614023536,0.000275013550424918,0.000248039533685684,0.000191205640979075,0.000247006580473608,0.000192940354672211,0.00021163872848573,0.000198209415226414,0.000185467878390133,0.000185439678916266,0.000224553773242042,0.000175697308076983,0.000164374882322571,0.000222167722203737,0.000198728139904625,0.000227040216207897
19,0.00029572736436112,0.000297933425421837,0.000205080242543287,0.000212050326610869,0.000214769669659942,0.000226409836636576,0.000220232786054875,0.000231673146203537,0.000202427499707891,0.000201143725572894,0.000227291859584144,0.000211814951541878,0.000197841203339988,0.000259666069434727,0.000238420568305364,0.000255600214217333
20,0.000365991920659559,0.000290418673090875,0.00026233643720619,0.000246416113826364,0.000227195721891449,0.000212906951678082,0.000218566571954515,0.000225233730571928,0.000243267798869962,0.000224950189600892,0.000250296367402036,0.000278682191932056,0.00025988411724609,0.000240157817994691,0.000222283113193833,0.000222809134087676
21,0.000313019937395964,0.000330358733944713,0.000308405878296836,0.00025262615196231,0.000219038912959268,0.000220713866543432,0.000236400409760695,0.000234848995988135,0.00024535874100462,0.000222801535863071,0.000264047597564931,0.000266732714767515,0.000195723847434603,0.000277646236413687,0.000265418732974809,0.000199494431919134
22,0.00033526647526827,0.00029259427021644,0.000280956477045402,0.000271559613863159,0.000234805637388202,0.000204065694037525,0.000232602370745072,0.000248013940720826,0.000250330564720125,0.000228551800671162,0.000251878426679397,0.000253670962337749,0.00021304670533584,0.000256852607809388,0.000249713241387672,0.000246091250635683
23,0.000349465212326594,0.000312478771822611,0.000324101677670607,0.000232704857843213,0.000275598125932697,0.000257492128644121,0.00027972377277441,0.00026466148656179,0.000267988572659528,0.000221313090221553,0.00025803122177781,0.000241994888855235,0.000249161909939288,0.00026951449085022,0.000285953336651823,0.000271731167298506
24,0.000346303146794957,0.000304999894827573,0.000299058821049525,0.000241114722651425,0.000252082966806455,0.000267077852536213,0.000268312315535257,0.000279662490205501,0.000281417731363698,0.000241504271362047,0.000280243485968223,0.000277992651324666,0.000250746105940225,0.000262997582032409,0.00023882597898861,0.000267817595616004
25,0.000316941035537699,0.000333267933980697,0.000291156924442815,0.000290283285384718,0.000264367568034163,0.000300219279103398,0.000241073013333204,0.000330358808531828,0.000307109716849885,0.00028700265800663,0.000278861504953376,0.000293876561301643,0.000290084531174628,0.000271236155370613,0.000273878719753262,0.000243801663497245
26,0.000388557193723549,0.00037127286276839,0.000295148348771868,0.000275245405716884,0.000279513489791272,0.000305093715069482,0.000352357097422096,0.000270226805971885,0.000322841417712882,0.000269807291414792,0.000300142567719708,0.000302807514915626,0.000308881532052441,0.000321386020918357,0.000332480143547031,0.000297627305035242
27,0.000364420939074628,0.000339300717378643,0.00031492338193162,0.000280573265187822,0.000267069894900884,0.000314585269577394,0.000324439403567744,0.000300162348679023,0.000305012369946067,0.000295603983199388,0.000307928590979611,0.000327469699421323,0.000306664490621111,0.000317838177204544,0.000292818878451451,0.0002953511725442
28,0.000393881960206177,0.000395196917987506,0.000317829292424188,0.000337224044858586,0.000307524991355002,0.000275718478549347,0.000312981322417527,0.000323209630587296,0.000336046598461648,0.000329641350210963,0.000344320120792552,0.000344129452959807,0.000305967123832573,0.000333516593753358,0.000327001928800419,0.000334105261010187
29,0.000390130115869969,0.000376975571466542,0.000372704566925064,0.000334188821906056,0.000323190981008969,0.000333429100848437,0.00033855095063573,0.000305148119154497,0.000348891908843796,0.000325370475755427,0.000366204685371296,0.000363389515707802,0.000305756966890836,0.000379807850035219,0.000360053012060546,0.000368881875270399
30,0.000418011825829345,0.000435631142399084,0.000400455308672498,0.000354348565597018,0.00035782567360032,0.000331817944296375,0.000392503833147817,0.000315854360573242,0.000376458937900837,0.000329262064084235,0.000375449401556427,0.000395854780736893,0.000352069441625358,0.000359700629848247,0.000391970071348502,0.000372015421730265
31,0.000449968487548968,0.000390667483300078,0.000407687516207234,0.000373806890336281,0.000368419967846978,0.000388274627425744,0.000359165486799373,0.000336568566061346,0.000386640924299297,0.00036222766199201,0.00043816141815245,0.000394606380135776,0.000374712678365752,0.000420021870961351,0.000435075918303496,0.000445828217271793
32,0.00043299415457887,0.000453767868015875,0.000450235408799404,0.000369306633437927,0.000349636019938204,0.0004029226697424,0.000362780537279228,0.000464159857692215,0.000446649995195947,0.000385077672060308,0.000368947548590737,0.000406833787354732,0.000416537146409657,0.000466546256873146,0.000433483067144413,0.000425206942075484
33,0.000534462963696081,0.000462006739863075,0.00043310987374634,0.000405641981810145,0.000417067352392664,0.000404026972636085,0.000400808811627518,0.000424922205553568,0.000435102578337787,0.000416821405662016,0.000462780820950526,0.000447672859896109,0.000435257374558073,0.000505285684562984,0.000454326000569494,0.000465241380313008
34,0.000586252381650332,0.000517691293246192,0.000506178523731804,0.000465847467405078,0.000399442770227965,0.000441113354210043,0.000454810673909622,0.000466841465754264,0.000455083397577827,0.000445348624066422,0.000469611467860176,0.000433111909066697,0.000492647021575143,0.000471557000086165,0.000484769642374983,0.00051555459991981
35,0.000656452825394171,0.000618284626705434,0.000480614289517511,0.000479380913791294,0.00046500110851655,0.000473396263854675,0.00049242354233392,0.000471809389006816,0.00048393217817877,0.000484838481733418,0.000514963629887011,0.000492932898860543,0.000520670097360232,0.000574827868873307,0.000501340677953377,0.000561259743250941
36,0.000593369476465599,0.000594306831748992,0.000530257837873638,0.0005581980973699,0.000465081880011708,0.000509741080249038,0.000478883903850313,0.000545614703987618,0.000540648424414036,0.000572121743429466,0.000528977653919571,0.000494901097310763,0.000553998566121372,0.00061332554507243,0.000557635324120787,0.000617397439974576
37,0.00061305889304708,0.000649118492016654,0.000602747258557468,0.000627255708026908,0.000550998772458455,0.00060126833584806,0.000517199386810718,0.000539501967844025,0.000518034145663315,0.000593272867569827,0.000628002797931182,0.000617912747617577,0.000664909159383442,0.000645982981689719,0.000602166283737771,0.000667423744346807
38,0.000748659898781145,0.000711223550605156,0.000691440323381309,0.000642451394000765,0.000590031358309928,0.00064387112564801,0.00066157012643342,0.00062017896593014,0.000588918217672041,0.000555628530145791,0.000594250091861648,0.000616770528093724,0.000633103925244294,0.000754741661216474,0.000639787762462873,0.000667503337516639
39,0.000710576459739265,0.000749956877479585,0.000723706359523568,0.000657404012692986,0.000642644746510879,0.000707960716412326,0.000659888484391469,0.000642702507667292,0.000652033717419731,0.000650579607286539,0.000645003330323357,0.000655211470771966,0.000762628380064134,0.00079538051370065,0.000787487667031961,0.000742332032853676
40,0.00080341751133195,0.00084598237719824,0.000772451976095434,0.000725921945520125,0.000760494700539405,0.000711142191632486,0.000765216724708195,0.000716037300290573,0.000696476812246716,0.00069357648075008,0.000741395574786363,0.0007338480828879,0.000782518560880741,0.000844933375774071,0.000796435722032252,0.0008405531381942
41,0.000886747310478664,0.000874002272162167,0.000815692700960935,0.000790126697951976,0.000735717484485976,0.000802560116295536,0.000824151307880827,0.000779873526639996,0.000800116982620946,0.000826646462882552,0.000769846116792983,0.000711730679978761,0.000879280024826734,0.000947013442971323,0.0008792474364967,0.000888349815864609
42,0.000875182379821982,0.000927974361120798,0.000849704136207663,0.000913207119318304,0.000783566765683252,0.000872936750759945,0.000767421991365591,0.000869658606607815,0.000815144790434208,0.000834715327580948,0.000916272434578147,0.000773388534299313,0.000908449863234906,0.000960176672507695,0.000919520210234559,0.000920753553954601
43,0.000989806079790601,0.000987065703142664,0.000907061121964814,0.000887954891891529,0.000902493784596614,0.000901039022404126,0.000876598016146035,0.000868880740774292,0.000989304533288715,0.000956403269754769,0.000989200196460427,0.000842000152321609,0.000999240461729944,0.00109875350772415,0.000920594402892605,0.0010308936790544
44,0.00100181176139147,0.0010618957608447,0.00113004488654689,0.00101410796014245,0.000989938091931264,0.000966918621772894,0.000965592309370766,0.000977242466071337,0.00107270260764714,0.000931979849366993,0.00103036861573524,0.000973590158591664,0.00110117194134629,0.00120103044931308,0.000995333215283334,0.00111603588300868
45,0.00115134840372799,0.0011615248537159,0.00116012634896312,0.00107616840272284,0.00103768815656757,0.00112123059975999,0.00112048865551162,0.00102369772633981,0.00101211612752172,0.00107592025118208,0.00115369220747619,0.00111706698310077,0.00121181400940096,0.00122487098404123,0.00121979520204218,0.00116298270187787
46,0.00123438034106882,0.00123498734013983,0.00115539658896802,0.00116530694064054,0.00111120296839518,0.00112681505482948,0.00116126054463861,0.00111257280627541,0.00113994585257204,0.00109584165270959,0.00122829096400701,0.00117105528586059,0.00131754649037352,0.00134993021429619,0.00127314584829552,0.00122827728685271
47,0.0013971285879617,0.00124738757065579,0.00123464135899798,0.00115577400360112,0.00123411767831305,0.00119950124082147,0.0012198892678732,0.00128175593210367,0.00131607540941181,0.00131341836186361,0.00127389311488202,0.00126633956044786,0.00141677684581842,0.00150382742586419,0.00139038591890484,0.00141177271026338
48,0.00144105087112545,0.00137422097055984,0.00134570284859392,0.00135045900711472,0.00128046583639252,0.00128812773591325,0.00127172685202059,0.00128401617088036,0.00137434250622304,0.00134620876854241,0.00136988013548811,0.00132306452990927,0.00154236705301702,0.00170831873513289,0.00149611011370432,0.00151717053940759
49,0.00159870889428382,0.00152148900169202,0.00147988014926581,0.00141212225413645,0.0013866006664629,0.00143013068519582,0.00143667406332471,0.0014853553436357,0.00145689896580692,0.00155305348182599,0.00152833523764884,0.00148155563341512,0.00170559872269882,0.00184063545023316,0.00160956663078127,0.0016310033416348
50,0.00182035087719301,0.00162574899098589,0.00160752495465255,0.00151498104311287,0.00150373275074234,0.00149726661791849,0.00148834918792939,0.00172078588593305,0.00163774690735552,0.00157421144450509,0.00161737409948626,0.00165507057885905,0.001856426322845,0.00192831856018882,0.00180620592527059,0.00181984944281155
51,0.00192906526427605,0.00188246019820704,0.00179134442340056,0.00170416928898953,0.00163456903958592,0.0016912407926265,0.00170270391372962,0.00165770117466246,0.00169074477367703,0.00171529507941448,0.00176390313776353,0.00176600008339445,0.00201045584234294,0.00205478246216761,0.00191798079312622,0.00196055950470075
52,0.00205709030626444,0.00201170446232624,0.00203111739745399,0.00195432122136729,0.00175151415943686,0.00180205229361652,0.00178520640338042,0.00177237340991188,0.00183094256287986,0.00187265917602997,0.00193343427176818,0.00183831559328451,0.00212726144634079,0.00233540378775221,0.00204969241992448,0.00216287217573585
53,0.00227621163292768,0.00223835359015545,0.00213053770713556,0.00217955680923121,0.00200219334350937,0.00201552845106301,0.00196926941287134,0.00196292951009447,0.00197308117855388,0.00190037248280239,0.00208717600232988,0.00204033203101106,0.00230273182743534,0.00236479818415081,0.00221432166507118,0.00232126159046964
54,0.00254379686965178,0.00234242041736532,0.00233412203210215,0.0022641955602849,0.00219925664554887,0.00221825007203014,0.00216533762568405,0.00212549781396165,0.00209035325567097,0.00214392874943337,0.00219155007047334,0.00218908212042512,0.00255268289923793,0.00258502203505062,0.00242490477571178,0.00242164959697011
55,0.00279642410020575,0.00278322128562636,0.00262009697986898,0.00254191950842975,0.00238377077826335,0.00229622274934405,0.00238627345964781,0.00243622067550253,0.00249538795299009,0.00228921089403344,0.00239871130523073,0.00234324678497655,0.00269086649332062,0.00283017704028132,0.00255360858425191,0.00260206571647692
56,0.00301785605068061,0.00297423488084103,0.00303859677789331,0.00285434132781615,0.00268853526265045,0.0026138320117719,0.00251495768210475,0.00269031935061059,0.00263672143781135,0.0026303381560614,0.00256352926663783,0.00270515457665155,0.00297534043805558,0.00306774123713371,0.00278449312555018,0.00279060459393554
57,0.00334601464899587,0.0032029069051952,0.00315409365817743,0.00302552500363384,0.00292323051259402,0.00301316349767644,0.00281789573187508,0.00296226464050653,0.00272464946608164,0.00290367587131002,0.00294443232196362,0.00276642150908879,0.00321943572072092,0.00320756836364089,0.00311446333022469,0.00308803713130712
58,0.00348109081473469,0.00365674183659703,0.00346651535310849,0.00347170172389044,0.00317392202673283,0.00324651368700657,0.00326231897540852,0.00314111889961644,0.00311678982234875,0.00309660324043992,0.00320041302815144,0.00306233620918117,0.00357440491692274,0.0035358056265985,0.00325462955987166,0.00337097400850772
59,0.00520232621171468,0.00617421948017927,0.00395096725031718,0.00366434647630065,0.00276406126247475,0.00299715192676553,0.00418392666444456,0.00389983335524113,0.0029017920899892,0.00273269870721793,0.003104531420136,0.00276539367401585,0.00340720806706507,0.00358197847860875,0.0018093692173724,0.0040147533002346
60,0.00379811538321617,0.00363272160040251,0.0033644550389913,0.00353767883503053,0.00260522919025874,0.00232705371626396,0.00350538376795972,0.00287309932763369,0.00251075385040078,0.00291470686744499,0.00275113014703632,0.00297094963333666,0.00295229108383099,0.00405505453320865,0.00392310393208328,0.00269771305944699
61,0.0037193204546081,0.00461073138803469,0.00444299366206524,0.00383881473113867,0.0034216462893788,0.00290099303443681,0.00377168434456254,0.00351024158988089,0.00374522453288351,0.00320473986504155,0.00321460356913539,0.00284533329739811,0.00402937216128429,0.00292617209647483,0.00546199981854756,0.00168285186778139
62,0.00461944520489754,0.00484973532549493,0.00406258333691945,0.00428191992796823,0.00379247949920469,0.00362031718380362,0.0035689802298734,0.00404152105238564,0.00393967376676607,0.00353581547328308,0.0036695574472414,0.00331422638394718,0.00406032015165902,0.00401202221338071,0.00519516934969744,0.00388056362856448
63,0.00611862774455885,0.00566299613425458,0.00557818645090258,0.005195683680291,0.00442551240357292,0.00439603875293892,0.0038217098968184,0.00413026570577235,0.00363428619294093,0.00411633552488344,0.00406832603869733,0.00401195174234981,0.00426105446865832,0.00519204367096515,0.00698598827166641,0.00462643762513226
64,0.00622735309534828,0.00575394281453012,0.00662947170226269,0.00528639993867752,0.0046413811111149,0.00476078073100894,0.00507326414435771,0.00385371076516161,0.00425479779713633,0.00415338470924775,0.00398993183298901,0.00486395554942032,0.00521433395793058,0.00514295659907271,0.00457489172661218,0.00399432005738887
65,0.00567992026341912,0.00631430922774467,0.00697313256936827,0.00599688034629564,0.00540469460157611,0.00488360391375964,0.00482732155927368,0.00459537275631572,0.0044717005451067,0.0050515501478271,0.00477958848895321,0.00425731251240802,0.00506294390201012,0.00448770574748969,0.0045109153437265,0.00377100613036596
66,0.00672892263292846,0.00687874067814065,0.00652901704688869,0.00688679303581774,0.00526493234115633,0.00526487433168199,0.00558266044420053,0.00556697192955513,0.00551841921867091,0.00498500486995335,0.00534561016257251,0.0046172490100842,0.00523991832865256,0.00663951938220653,0.0072779709139652,0.00617532545695521
67,0.00769225224128778,0.00692026630206266,0.00693438980649519,0.00702786783683618,0.00638759536330002,0.00643744657328327,0.00660015162498928,0.00666859237695305,0.0057377320697416,0.00589015455551889,0.00583048417091581,0.00533738371715753,0.00522137426610658,0.00729815150506341,0.00652985209750689,0.00644179647570464
68,0.00927737613992696,0.0085564770738219,0.00842863344030043,0.00883718270725353,0.00678656661920629,0.00634972627964958,0.00766875430460834,0.00713696010682385,0.00640617309758207,0.00646028386015773,0.0062521927383461,0.00648696319278841,0.00610985180751267,0.00751297000445794,0.00798772212412691,0.00837456670316661
69,0.00963624852250411,0.00978253509234506,0.0104065333529142,0.00933337873753759,0.007200443720766,0.00822116830574637,0.00794441647498723,0.007292523735557,0.00709585570704219,0.00700821771717008,0.00690237224520773,0.00670026074414676,0.0079017240388578,0.00747081926602933,0.00784788387077939,0.00558368456686298
70,0.0109289253633372,0.0109412192119159,0.0114554692959336,0.0114888276221726,0.00867425827836654,0.00859805852909656,0.00985666412992514,0.00975858037640254,0.00774650875070626,0.0084265874179269,0.00792543797635503,0.00736596965837177,0.00773425255080928,0.0108935329085117,0.0116868761766531,0.0108812103074876
71,0.0119697477828301,0.0115434024518102,0.0126325073618212,0.0118336606493981,0.00997897910100121,0.00864124443397218,0.0104328120193272,0.0103349549794408,0.00821297110257324,0.00912314738266518,0.0086805186118456,0.00869489865536754,0.0102302944584094,0.00984253487413811,0.00900278497347817,0.00920487601301423
72,0.0125937732800558,0.0137670302716584,0.0139703904064585,0.0133121571970205,0.0120990270050341,0.010954010674059,0.0115417698954159,0.0106163779271354,0.0107760890580566,0.00959209535031036,0.00980739743273207,0.00935077472886192,0.00939914201436665,0.0120796820542129,0.0108643548704936,0.0151573304935927
73,0.0164995616575264,0.0138256753911793,0.0152313081069078,0.0135028498948523,0.0136313179618537,0.0118831412603757,0.0139609107786854,0.0125666379925173,0.0111629073104116,0.0113701908072282,0.0114650237315568,0.0124148905089996,0.0115567638457778,0.0123585295861059,0.0127363300361755,0.00932962920409519
74,0.0182982413317427,0.0165691693226286,0.0168551280636203,0.0164391597337007,0.014309257106783,0.013645933040652,0.0158205840879995,0.013420004596308,0.0131236098585352,0.0142105669327564,0.0131422554427655,0.0130767165181241,0.0142437628628865,0.0135127211542441,0.0127803558213938,0.0113744139161153
75,0.0195075005791741,0.0163357859241235,0.0191815810173679,0.0183812502709298,0.0170182094825992,0.0158311420418136,0.0166338286682082,0.0161645715633849,0.0152802199970635,0.0152245683323354,0.0136646633160108,0.0131285117650891,0.016047032710465,0.0161360107057881,0.0156793859644294,0.0158987440499611
76,0.023075602057771,0.0188390092237474,0.0198864411315268,0.0226511644235193,0.0185316755246605,0.0179166101990561,0.0189393684843927,0.0171755672797762,0.0167968324295314,0.0169300792853625,0.0159419480405387,0.0147720271299161,0.0156113865696399,0.0183960855875002,0.0148163051167006,0.021091352527585
77,0.025924847949463,0.0259782245270372,0.0252072155731506,0.0243563111747487,0.0239624041992753,0.0197617185242067,0.0206286103394667,0.0234871044047569,0.0209876161845537,0.0189536868744256,0.0196419187040606,0.0184052841688704,0.0206518272159737,0.0236142652531304,0.0218716189221448,0.0249402916920677
78,0.0307978291293899,0.0292420163932734,0.0253108380031988,0.0279569941167702,0.0277065661782626,0.022610551852803,0.023020034427505,0.0239004169889375,0.0225053766840295,0.0227965669804928,0.0213574778358122,0.0206248718007452,0.0231970274051966,0.0275474524939481,0.0265956883996225,0.0204940393121039
79,0.0343800778548367,0.0333224255246442,0.0322178583565152,0.0317464576810896,0.0287578410527017,0.0263433482661857,0.028211868514156,0.028176481117872,0.0263392141554253,0.0244143574306546,0.0242112295003419,0.0248462860356754,0.0290104034412171,0.0295648433666417,0.0290393430058606,0.0249288023961158
80,0.0412883534248765,0.0373592168220467,0.0353482071633523,0.0369221466846427,0.033561572771403,0.0294557501538858,0.0344813931930705,0.0338435946726072,0.027003198107485,0.0315754983511114,0.0278210157037818,0.0293290166701778,0.0311393352562788,0.0349849321365844,0.0360930205090486,0.0318159689542747
81,0.0442588276380933,0.0411405975896725,0.0436109285318665,0.0394719845771772,0.0372218425155363,0.0338225719331373,0.0362009759619518,0.0359342727747429,0.0348703375431371,0.0341374751812827,0.0340976661482855,0.0319733706967319,0.0359378959302115,0.0400682825981471,0.0406688016284346,0.0296625385017227
82,0.0484448377687479,0.0522965608324514,0.0465460998595347,0.049980247369755,0.0415583287774575,0.0407784690929947,0.0430019648832183,0.0494101913687639,0.0426652242060265,0.0399981542598093,0.0358443572270747,0.0377598953022166,0.0411244184135546,0.0446418227957676,0.0469726696108598,0.0335893867621233
83,0.0551972180710885,0.0550900324796125,0.0596818222872975,0.0598646166183112,0.0473214083798813,0.0485317264072428,0.0496082637953882,0.0513718015099254,0.0448158379486784,0.0465444063658828,0.0464065267741768,0.0423514966945852,0.0435205920028756,0.0482762020812261,0.0443710287787041,0.0437715879166741
84,0.0679461852036172,0.0606305144022951,0.0660908831807223,0.0620072133898989,0.0599030552353442,0.0553396518784264,0.0628057596018191,0.054641201041291,0.0573675829617707,0.0556239665930446,0.0515044391814621,0.0530302789118382,0.0612942886586466,0.0540373338800365,0.0581773797824507,0.0498039421344503
85,0.0709302227361495,0.0702228794747141,0.0731528050091388,0.0661178367458776,0.0674211792947883,0.0638025367828422,0.06577202235371,0.0676527278993676,0.0609840867010196,0.0664250209134457,0.0602084250036379,0.0613295200646695,0.0657335150534079,0.0690500484562235,0.0648063024846897,0.0527607886772909
86,0.0818076641642469,0.0771802115882155,0.0813224357164437,0.0791731454439131,0.0729850983254783,0.0736097321670666,0.0730521953992446,0.0738642282555053,0.0758803493663839,0.0733884750332979,0.0704633669246867,0.069522813091385,0.0746683436039667,0.0696596934221078,0.0788580010815831,0.065465250684227
87,0.0895895358652865,0.0878377076660048,0.0925865558467861,0.0857737638173178,0.0821777448568817,0.0838384503894469,0.0903365420921899,0.0885190510725701,0.0871815614187536,0.0810901281336737,0.0803407273418298,0.0820265283983146,0.0860800254700377,0.0832282874914239,0.0745585070656309,0.0986597033709889
88,0.105781065084737,0.0999848575964989,0.107413174441196,0.105838161692703,0.101111228324622,0.094760141412033,0.0988300760185488,0.101684239224227,0.0882020997479581,0.0942303710970448,0.0913225281578388,0.089327472707515,0.102072621161633,0.0972471704928051,0.0953106245320113,0.0852887779837753
89,0.122717089270185,0.108179546418302,0.11934321682673,0.103351505512106,0.118839349392739,0.112001474329957,0.104280965588558,0.117928887118393,0.103914974356658,0.112160688129108,0.106196533240262,0.0995624240563463,0.119952272403177,0.099887994910328,0.107391161687381,0.127285694778201
90,0.130556151480538,0.125297065641787,0.133950566292833,0.129757879950502,0.126132004203721,0.126203035607631,0.118323043524683,0.135495648680543,0.125461550116369,0.126755774794062,0.121673907407282,0.120510864333138,0.123872518581275,0.124831216937342,0.111576831586197,0.110514097471327
91,0.145529395122255,0.135736906139491,0.144598298003225,0.135101089741313,0.147825432042123,0.140045856262231,0.152499273201072,0.158264973053261,0.144921644899057,0.137190815776624,0.138055430757866,0.125430169373483,0.154210305606122,0.138612344777108,0.15635820333528,0.150725146282049
92,0.172816779126641,0.155090434566428,0.166312870417442,0.147718105231901,0.151037992182812,0.155025823856243,0.160068714980045,0.148360254478199,0.157103285854282,0.165661973094715,0.166301948839512,0.15376907830239,0.163110545127762,0.169097002508783,0.171579615259879,0.148858203362939
93,0.177318269009696,0.16821583424345,0.184996111183724,0.180713445513645,0.169970319219742,0.183442934520283,0.173809973556163,0.17856647465975,0.184065995831049,0.175582791839771,0.176487659340526,0.169031868796599,0.194231782216198,0.183654240996199,0.165886280995804,0.141141003560952
94,0.191991438066486,0.19698198277124,0.197901510020238,0.216061765301374,0.186598667924142,0.194744566033187,0.190686448275928,0.209457622374202,0.193418644357323,0.201619565059285,0.207611397669899,0.18508594866959,0.195032010132262,0.200252507034727,0.187709882748954,0.186040442043964
95,0.212141752559874,0.217838049954166,0.223449944615283,0.215446561661079,0.213999333606894,0.204644658564754,0.230235822256157,0.211719063239937,0.2344324393218,0.232279262414774,0.215348817713655,0.207598766269377,0.229108637663673,0.199416988995313,0.177407833998572,0.175489212092827
96,0.222921497450977,0.209344574570898,0.244024530207779,0.223050039209259,0.249211773571029,0.231138032639049,0.219028739536086,0.229904551204821,0.236767315404004,0.260595174510284,0.234081565499387,0.230309300903139,0.24392254169205,0.212268979797214,0.220218984405601,0.206693043705374
97,0.258048165664406,0.24645703754973,0.276701330337985,0.277621540885609,0.240894153168421,0.259681606817888,0.23442455023252,0.246365876506743,0.27027818111582,0.249729175961959,0.249817894131155,0.25038236272861,0.282209088072413,0.26919600573217,0.283062170459299,0.262353432461531
98,0.230049232737467,0.22538407613527,0.280698180783489,0.285855167123709,0.250955528878514,0.247391155325071,0.262419891325669,0.307691201619689,0.24643357359371,0.290216327011934,0.253612389048458,0.272762343409854,0.278581231144291,0.336038520024284,0.225365099364054,0.248138403561872
99,0.313942,0.313942,0.313942,0.313942,0.313942,0.313942,0.318152247486447,0.318152247486447,0.318152247486447,0.318152247486447,0.318152247486447,0.318152247486447,0.318152247486447,0.318152247486447,0.318152247486447,0.318152247486447
100,0.337309,0.337309,0.337309,0.337309,0.337309,0.337309,0.34111231645457,0.34111231645457,0.34111231645457,0.34111231645457,0.34111231645457,0.34111231645457,0.34111231645457,0.34111231645457,0.34111231645457,0.34111231645457
101,0.360136,0.360136,0.360136,0.360136,0.360136,0.360136,0.362668963461933,0.362668963461933,0.362668963461933,0.362668963461933,0.362668963461933,0.362668963461933,0.362668963461933,0.362668963461933,0.362668963461933,0.362668963461933
102,0.382037,0.382037,0.382037,0.382037,0.382037,0.382037,0.382276865335921,0.382276865335921,0.382276865335921,0.382276865335921,0.382276865335921,0.382276865335921,0.382276865335921,0.382276865335921,0.382276865335921,0.382276865335921
103,0.402619,0.402619,0.402619,0.402619,0.402619,0.402619,0.3993948486507,0.3993948486507,0.3993948486507,0.3993948486507,0.3993948486507,0.3993948486507,0.3993948486507,0.3993948486507,0.3993948486507,0.3993948486507
104,0.421491,0.421491,0.421491,0.421491,0.421491,0.421491,0.413500874325847,0.413500874325847,0.413500874325847,0.413500874325847,0.413500874325847,0.413500874325847,0.413500874325847,0.413500874325847,0.413500874325847,0.413500874325847
105,0.438524,0.438524,0.438524,0.438524,0.438524,0.438524,0.428247645903338,0.428247645903338,0.428247645903338,0.428247645903338,0.428247645903338,0.428247645903338,0.428247645903338,0.428247645903338,0.428247645903338,0.428247645903338
106,0.454719,0.454719,0.454719,0.454719,0.454719,0.454719,0.445488046031309,0.445488046031309,0.445488046031309,0.445488046031309,0.445488046031309,0.445488046031309,0.445488046031309,0.445488046031309,0.445488046031309,0.445488046031309
107,0.470433,0.470433,0.470433,0.470433,0.470433,0.470433,0.462180785536186,0.462180785536186,0.462180785536186,0.462180785536186,0.462180785536186,0.462180785536186,0.462180785536186,0.462180785536186,0.462180785536186,0.462180785536186
108,0.48568,0.48568,0.48568,0.48568,0.48568,0.48568,0.478345028633887,0.478345028633887,0.478345028633887,0.478345028633887,0.478345028633887,0.478345028633887,0.478345028633887,0.478345028633887,0.478345028633887,0.478345028633887
109,0.500476,0.500476,0.500476,0.500476,0.500476,0.500476,0.493999498227146,0.493999498227146,0.493999498227146,0.493999498227146,0.493999498227146,0.493999498227146,0.493999498227146,0.493999498227146,0.493999498227146,0.493999498227146
110,0.514836,0.514836,0.514836,0.514836,0.514836,0.514836,0.509162352911408,0.509162352911408,0.509162352911408,0.509162352911408,0.509162352911408,0.509162352911408,0.509162352911408,0.509162352911408,0.509162352911408,0.509162352911408
111,0.528773,0.528773,0.528773,0.528773,0.528773,0.528773,0.523851111733213,0.523851111733213,0.523851111733213,0.523851111733213,0.523851111733213,0.523851111733213,0.523851111733213,0.523851111733213,0.523851111733213,0.523851111733213
112,0.5423,0.5423,0.5423,0.5423,0.5423,0.5423,0.538082613923852,0.538082613923852,0.538082613923852,0.538082613923852,0.538082613923852,0.538082613923852,0.538082613923852,0.538082613923852,0.538082613923852,0.538082613923852
113,0.555432,0.555432,0.555432,0.555432,0.555432,0.555432,0.55187300385741,0.55187300385741,0.55187300385741,0.55187300385741,0.55187300385741,0.55187300385741,0.55187300385741,0.55187300385741,0.55187300385741,0.55187300385741
114,0.568179,0.568179,0.568179,0.568179,0.568179,0.568179,0.565237733836142,0.565237733836142,0.565237733836142,0.565237733836142,0.565237733836142,0.565237733836142,0.565237733836142,0.565237733836142,0.565237733836142,0.565237733836142
115,0.580556,0.580556,0.580556,0.580556,0.580556,0.580556,0.578191579130577,0.578191579130577,0.578191579130577,0.578191579130577,0.578191579130577,0.578191579130577,0.578191579130577,0.578191579130577,0.578191579130577,0.578191579130577
116,0.592572,0.592572,0.592572,0.592572,0.592572,0.592572,0.590748661110673,0.590748661110673,0.590748661110673,0.590748661110673,0.590748661110673,0.590748661110673,0.590748661110673,0.590748661110673,0.590748661110673,0.590748661110673
117,0.604239,0.604239,0.604239,0.604239,0.604239,0.604239,0.602922475387957,0.602922475387957,0.602922475387957,0.602922475387957,0.602922475387957,0.602922475387957,0.602922475387957,0.602922475387957,0.602922475387957,0.602922475387957
118,0.615568,0.615568,0.615568,0.615568,0.615568,0.615568,0.614725922718317,0.614725922718317,0.614725922718317,0.614725922718317,0.614725922718317,0.614725922718317,0.614725922718317,0.614725922718317,0.614725922718317,0.614725922718317
119,0.62657,0.62657,0.62657,0.62657,0.62657,0.62657,0.626171341047185,0.626171341047185,0.626171341047185,0.626171341047185,0.626171341047185,0.626171341047185,0.626171341047185,0.626171341047185,0.626171341047185,0.626171341047185
120,0.9999999999999,0.9999999999999,0.9999999999999,0.9999999999999,0.9999999999999,0.9999999999999,0.9999999999999,0.9999999999999,0.9999999999999,0.9999999999999,0.9999999999999,0.9999999999999,0.9999999999999,0.9999999999999,0.9999999999999,0.9999999999999
